id,nombre,distrito,direccion,web,telefono_publico,titular_o_director_medico,instagram,cadena,fuente,estado,notas
ARC-001,Clínica DA Medicina Estética,Chamberí,"Calle Donoso Cortés 38, 28015 Madrid",https://medicinaesteticamadrid.es/,652 43 64 31,Dra. Daniela Álvarez Díaz (dirige la clínica),@medicinaestetica_da,no,https://medicinaesteticamadrid.es/contacto | https://medicinaesteticamadrid.es/equipo/dra-daniela-alvarez-diaz | https://instagram.com/medicinaestetica_da,NO CONTACTADO,"SIN VERIFICAR: dato de extracto del buscador (web no abierta; WebFetch bloqueado). Ruta. La Dra. Daniela Álvarez aparece también en el equipo de Face Clinic (https://faceclinic.es/equipo-medico/dra-daniela-alvarez/): posible relación, SIN VERIFICAR."
ARC-002,Clínica Blue Moon (Glorieta de Quevedo),Chamberí,"Glorieta de Quevedo 7, 28015 Madrid",https://clinicabluemoon.es/,911 92 36 80,,@clinicabluemoon,no,https://clinicabluemoon.es/glorieta-de-quevedo/ | https://www.fresha.com/lvp/clinica-blue-moon-glorieta-de-quevedo-madrid-Kzoj0P | https://www.instagram.com/clinicabluemoon/,NO CONTACTADO,"SIN VERIFICAR: dato de extracto del buscador (web no abierta; WebFetch bloqueado). Ruta. 2 centros propios en Madrid (Quevedo 7 y Conde de Aranda 6, Salamanca); desde 2008. Varios médicos listados, sin director identificado: titular SIN VERIFICAR. Páginas Amarillas cita también Arapiles 17: SIN VERIFICAR."
ARC-003,Clínica Golden Estética España,Chamberí,"Calle de Garcilaso 7, 28010 Madrid",https://www.goldenestetica.es/,910 44 68 09 / 653 55 05 57,Dr. Hamidreza Eskandari (CEO); Dra. Nastaran Yaghoobi Ershadi (directora),@golden.estetica.espana,no,https://www.goldenestetica.es/ | https://www.goldenestetica.es/home/nuestro-equipo/ | https://www.instagram.com/golden.estetica.espana/,NO CONTACTADO,"SIN VERIFICAR: dato de extracto del buscador (web no abierta; WebFetch bloqueado). Ruta. Medicina y cirugía estética (2 quirófanos). Sede también en Marbella según Instagram: 2 centros, SIN VERIFICAR."
ARC-004,ODA Aesthetic (Quevedo),Chamberí,"Calle de San Bernardo 100, 28015 Madrid",https://odaaesthetic.com/,640 36 92 45,,@oda.quevedo,no,https://odaaesthetic.com/ | https://www.fresha.com/lvp/aesthetic-madrid-quevedo-calle-de-san-bernardo-madrid-bx9nWD | https://www.instagram.com/oda.quevedo/,NO CONTACTADO,"SIN VERIFICAR: dato de extracto del buscador (web no abierta; WebFetch bloqueado). Ruta. Fundada y dirigida por una médica ginecóloga (nombre no encontrado). El buscador menciona a un 'Dr. Iván de Cárdenas' como supervisor: fuente dudosa, SIN VERIFICAR. Páginas Amarillas dice 'Calle Goya 100': discrepancia, SIN VERIFICAR. Sociedad: Oda Aesthetic SL."
ARC-005,Templa Medical,Chamberí/Centro (límite; CP 28004),"Calle de Génova 7, 28004 Madrid",https://templa.es/,91 955 01 77 / 676 29 97 81 (WhatsApp),,@templa.medical,no,https://templa.es/ | https://www.fresha.com/lvp/templa-medical-medicina-estetica-en-madrid-calle-de-genova-madrid-EvRA39 | https://www.instagram.com/templa.medical/,NO CONTACTADO,SIN VERIFICAR: dato de extracto del buscador (web no abierta; WebFetch bloqueado). Ruta. Modelo de suscripción; startup (LinkedIn). Director médico no encontrado. Distrito exacto SIN VERIFICAR (Génova separa Chamberí y Centro).
ARC-006,IME Instituto de Medicina Estética,Chamberí (NO Salamanca),"Calle Vallehermoso 9, local, 28015 Madrid",https://institutomedicinaestetica.com/,623 51 23 38,"Dr. Alejandro Valenzuela (director médico, col. 282877201)",@ime_institutomedicinaestetica,no,https://institutomedicinaestetica.com/contacto | https://institutomedicinaestetica.com/equipo/doctor-alejandro-valenzuela | https://www.instagram.com/ime_institutomedicinaestetica/,NO CONTACTADO,"SIN VERIFICAR: dato de extracto del buscador (web no abierta; WebFetch bloqueado). Ruta. OJO: la ruta decía Lagasca 95, pero Lagasca 95 es Clínica Londres (cadena). IME aparece en Vallehermoso 9 (Chamberí). Confirmar si hay sede en Lagasca: SIN VERIFICAR."
ARC-007,Face Clinic Madrid (Barrio de Salamanca),Salamanca,"Calle de Diego de León 39, Madrid",https://faceclinic.es/clinicas/madrid/,910 88 58 12,Dr. Francisco Riba García (fundador y director médico del grupo),,si,https://faceclinic.es/madrid/clinica-medicina-estetica/ | https://faceclinic.es/sobre-nosotros/ | https://faceclinic.es/clinicas/,NO CONTACTADO,"SIN VERIFICAR: dato de extracto del buscador (web no abierta; WebFetch bloqueado). Ruta, pero es CADENA pequeña: 4 centros (Madrid Salamanca, Aravaca-Pozuelo, Salamanca ciudad, Badajoz). Cirugía maxilofacial + medicina estética. Decide el grupo: prioridad baja."
ARC-008,Felicidad Carrera,Salamanca,"Calle de Castelló 67, bajo, 28001 Madrid",https://felicidadcarrera.com/,91 435 17 24,,@felicidadcarrera,no,https://felicidadcarrera.com/contacto/ | https://www.fresha.com/lvp/felicidad-carrera-calle-de-castello-madrid-58ko4y | https://www.instagram.com/felicidadcarrera/?hl=es,NO CONTACTADO,"SIN VERIFICAR: dato de extracto del buscador (web no abierta; WebFetch bloqueado). Ruta. Centro de estética (40 años, 400 m2) con medicina estética y dermatología; no es clínica médica pura. Titular: Páginas Amarillas lista 'Felicidad Carrera Martín' y el Instagram aparece como 'Leticia Carrera': SIN VERIFICAR."
ARC-009,Cemestetic,Salamanca,"Calle de Lombía 7, 28009 Madrid",https://cemestetic.es/,913 09 27 85,Dra. Llury Da Silva Dos Santos (directora médica),@cemesteticsaludybelleza,no,https://cemestetic.es/ | https://cemestetic.es/nosotros/ | https://www.instagram.com/cemesteticsaludybelleza/,NO CONTACTADO,"SIN VERIFICAR: dato de extracto del buscador (web no abierta; WebFetch bloqueado). Ruta. Ya probada con risk-scanner (74/100, según vault)."
ARC-010,Medicalesthetic,Chamberí,"Calle Alfonso X 3, 1.ª planta (timbre Varicenter), 28010 Madrid",https://medicalesthetic.es/,913 86 23 27,Dr. Rafiee (socio fundador y director),,no,https://medicalesthetic.es/contacto/ | https://medicalesthetic.es/clinica-estetica/equipo/ | https://eugnathos.eu/medicalestheticcentromedicinaesteticachamberi,NO CONTACTADO,SIN VERIFICAR: dato de extracto del buscador (web no abierta; WebFetch bloqueado). Medicina y cirugía estética. Tiene también centro en Majadahonda (2 centros). Nombre completo del director SIN VERIFICAR.
ARC-011,Clínica Aliyomar Rivero (AR Clínica Estética),Chamberí,"Calle de Gaztambide 17, 28015 Madrid",https://clinicaalirivero.com/,,Dra. Aliyomar Rivero,,no,https://clinicaalirivero.com/ | https://clinicaalirivero.com/contacto | https://booksy.com/es-es/s/consulta-de-medicina-estetica/53009_madrid,NO CONTACTADO,SIN VERIFICAR: dato de extracto del buscador (web no abierta; WebFetch bloqueado). Dirección solo en listado de Booksy: SIN VERIFICAR. Teléfono no encontrado.
ARC-012,Medicina Estética Génova 10,Chamberí/Centro (límite; CP 28004),"Calle de Génova 10, 4.ª planta, 28004 Madrid",https://www.genova10.es/,913 19 15 57,Dra. Ana María Barranco Sáiz (dirige desde 2004),,no,https://www.genova10.es/ | https://www.doctoralia.es/clinicas/medicina-estetica-genova-10 | https://www.paginasamarillas.es/f/madrid/genova-10_103739553_000000001.html,NO CONTACTADO,SIN VERIFICAR: dato de extracto del buscador (web no abierta; WebFetch bloqueado). Solo estética facial. Publica sobre 'botox' en su web (posible punto de riesgo publicitario; revisar con risk-scanner). Distrito exacto SIN VERIFICAR.
ARC-013,Clínica Medicina Estética Dra. Elena Berezo,Salamanca,"Calle de Velázquez 115, local bajo izda., 28006 Madrid",https://drelenaberezo.com/,695 61 13 61,Dra. Elena Berezo,,no,https://drelenaberezo.com/contacto | https://www.fresha.com/lvp/dra-elena-berezo-clinica-medicina-estetica-en-madrid-calle-de-velazquez-madrid-D74aNa,NO CONTACTADO,"SIN VERIFICAR: dato de extracto del buscador (web no abierta; WebFetch bloqueado). Google 4,1/5 (253 reseñas) según extracto: SIN VERIFICAR."
ARC-014,Novo Clinic,Salamanca,"Calle de Velázquez 46, esc. A, 1.º izda., 28001 Madrid",https://novoclinic.es/,911 41 49 03,,,no,https://novoclinic.es/contacto-clinica-medicina-estetica-madrid/ | https://www.fresha.com/lvp/novo-clinic-medicina-estetica-en-madrid-calle-de-velazquez-madrid-QvlNAg,NO CONTACTADO,SIN VERIFICAR: dato de extracto del buscador (web no abierta; WebFetch bloqueado). Sociedad: Novo Clinic Medicina y Cirugía Estética SL. Móviles adicionales en extracto (676 015 696 / 627 265 920): SIN VERIFICAR. Titular no encontrado.
ARC-015,Clínica Doctora Karina,Salamanca,"Calle de Velázquez 15, 28001 Madrid",https://doctorakarina.com/,914 31 84 64,Doctora Karina (apellidos no encontrados),,no,https://doctorakarina.com/,NO CONTACTADO,SIN VERIFICAR: dato de extracto del buscador (web no abierta; WebFetch bloqueado). Más de 20 años; Ultherapy. Nombre completo de la titular SIN VERIFICAR.
ARC-016,Clínica Dra. Sandra de Oliveira,Retiro,"Calle de Antonio Maura 7, bajo dcha., 28014 Madrid",https://drasandradeoliveira.com/,639 74 00 38,Dra. Sandra de Oliveira García (directora),,no,https://drasandradeoliveira.com/ | https://www.doctoralia.es/sandra-de-oliveira-garcia-2/medico-estetico/madrid,NO CONTACTADO,SIN VERIFICAR: dato de extracto del buscador (web no abierta; WebFetch bloqueado). Formadora de laboratorios; tiene academia para médicos. Perfil alto: puede ser menos receptiva.
ARC-017,Clínica Estética Oquendo,Salamanca,"Calle de Jorge Juan 91, 28009 Madrid",https://dianaoquendo.com/,,Dra. Diana Estefanía Oquendo Cárdenas (col. 280855688),,no,https://www.doctoralia.es/clinicas/clinica-estetica-oquendo | https://dianaoquendo.com/diana-oquendo.html | https://www.seme.org/medicos/directorio/diana-estefania-oquendo-cardenas-2478,NO CONTACTADO,SIN VERIFICAR: dato de extracto del buscador (web no abierta; WebFetch bloqueado). Teléfono no encontrado. Existe otro dominio clinicaoquendo.com: relación SIN VERIFICAR.
ARC-018,Clínica Ibiza,Retiro,"Calle de Antonio Arias 7, 28009 Madrid",https://www.clinicaibiza.com/,915 57 25 40 / 600 75 10 10,,,no,https://www.clinicaibiza.com/contacto-clinica-estetica-madrid/ | https://www.fresha.com/lvp/clinica-ibiza-retiro-calle-de-antonio-arias-madrid-X472q2,NO CONTACTADO,"SIN VERIFICAR: dato de extracto del buscador (web no abierta; WebFetch bloqueado). Más de 15 años; medicina, cirugía y capilar. Persona de contacto en un directorio: 'Jorge Garcia' (rol desconocido, SIN VERIFICAR)."
ARC-019,Centro de Medicina Estética Dra. Mirta Herrero,Retiro,"Avenida de Menéndez Pelayo 61, 1.º dcha., 28009 Madrid",https://www.esteticaherrero.es/,91 006 99 91 / 654 50 07 67 (WhatsApp),Dra. Mirta Herrero Aguinaga,,no,https://www.esteticaherrero.es/ | https://www.doctoralia.es/mirta-herrero-aguinaga/medico-estetico/madrid,NO CONTACTADO,"SIN VERIFICAR: dato de extracto del buscador (web no abierta; WebFetch bloqueado). Páginas Amarillas da otra dirección (Atocha 57, 1.º dcha., Centro): posible traslado, SIN VERIFICAR."
ARC-020,Eternal Beauty Clinic (Príncipe de Vergara),Chamartín,"Calle del Príncipe de Vergara 287, bajo, 28016 Madrid",https://www.eternalbeautyclinic.com/,91 359 36 19 / 678 04 84 01,,,no,https://www.eternalbeautyclinic.com/eternal-beauty-clinic-principe-de-vergara-287/ | https://www.fresha.com/lvp/eternal-beauty-clinic-calle-del-principe-de-vergara-madrid-LyP51G,NO CONTACTADO,SIN VERIFICAR: dato de extracto del buscador (web no abierta; WebFetch bloqueado). Mezcla centro de belleza y medicina estética. Email 'pv@' y frase 'nuestro centro de PV 287' sugieren más centros: cadena SIN VERIFICAR. Titular no encontrado.
ARC-021,Ovalles Medicina Estética,Chamartín,"Calle del Príncipe de Vergara 256, 1.º C, 28016 Madrid",https://ovallesmedicinaestetica.com/,,Dra. Venus Ovalles,,no,https://ovallesmedicinaestetica.com/ | https://masquemedicos.com/medicina-estetica_madrid/consulta-de-medicina-estetica-dra-ovalles/ | https://www.doctoralia.es/venus-ovalles/medico-general/madrid,NO CONTACTADO,SIN VERIFICAR: dato de extracto del buscador (web no abierta; WebFetch bloqueado). Teléfono no encontrado (enmascarado en directorios).
ARC-022,SOY Medicina Estética,Salamanca,"Calle del Príncipe de Vergara 67, 28006 Madrid",https://soymedicinaestetica.com/,722 55 21 95,,,no,https://soymedicinaestetica.com/ | https://doctory.es/madrid/medicina-estetica/soy-clinica-estetica,NO CONTACTADO,SIN VERIFICAR: dato de extracto del buscador (web no abierta; WebFetch bloqueado). Clínica boutique; Google 5/5 (333) según extracto: SIN VERIFICAR. Titular no encontrado.
ARC-023,Doctora Bonina Medicina Estética,Salamanca,"Calle de Juan Bravo 51 dupl., 1.º izda., 28006 Madrid",https://doctorabonina.com/,91 590 63 63 / 689 16 92 90,Dra. Flavia Bonina,,no,https://doctorabonina.com/ | https://www.doctoralia.es/flavia-bonina/medico-estetico/madrid,NO CONTACTADO,SIN VERIFICAR: dato de extracto del buscador (web no abierta; WebFetch bloqueado). Vende bonos anuales (revisar publicidad de bonos ligados a toxina).
ARC-024,Clínica Soria Vizcaíno,Chamberí,"Calle de Maudes 64, Madrid",https://clinicasoriavizcaino.es/,91 277 71 02 / 610 08 54 99,Dra. María José Soria Vizcaíno,@clinicasoriavizcaino,no,https://clinicasoriavizcaino.es/ | https://www.seme.org/medicos/directorio/maria-jose-soria-vizcaino-1473 | https://www.instagram.com/clinicasoriavizcaino/,NO CONTACTADO,SIN VERIFICAR: dato de extracto del buscador (web no abierta; WebFetch bloqueado). Medicina estética + odontología. Un directorio la sitúa en Chamartín: distrito SIN VERIFICAR (Maudes está en Chamberí).
ARC-025,Clínica CEME (Centro Europeo Médico Estético),Salamanca,"Calle de Castelló 9, 28001 Madrid",https://www.centroceme.com/,917 52 40 18 / 674 11 36 66 (WhatsApp),Dr. José Arévalo (director),@centroceme,no,https://www.centroceme.com/contacto/ | https://www.multiestetica.com/centros/clinica-ceme-cirugia-plastica-y-medicina-estetica | https://www.instagram.com/centroceme/,NO CONTACTADO,SIN VERIFICAR: dato de extracto del buscador (web no abierta; WebFetch bloqueado). Cirugía plástica + medicina estética. Existe otra web 'centroeuropeodecirugiaestetica.com': relación SIN VERIFICAR.
ARC-026,Clínica Álvarez,Chamartín,"Paseo de la Habana 72, 3.º, Madrid",https://www.clinicalvarez.es/,913 23 84 33,Dra. Carmen Álvarez (dirige desde 2003),@clinicaalvarez,no,https://www.clinicalvarez.es/ | https://www.instagram.com/clinicaalvarez/ | https://amem.es/en/busca-tu-medico/alvarez-garcia-carmen/,NO CONTACTADO,SIN VERIFICAR: dato de extracto del buscador (web no abierta; WebFetch bloqueado).
ARC-027,GAURA Clínica de Medicina Estética y Regenerativa,Chamberí,"Calle de Joaquín María López 44, bajo B, 28015 Madrid",https://clinicagaura.com/,,Dra. Enriqueta Garijo y Dra. Teresa Gracia (dirigen),@gauraclinicaestetica,no,https://clinicagaura.com/ | https://masquemedicos.com/medicina-estetica_chamberi-madrid_b/ | https://www.instagram.com/gauraclinicaestetica/,NO CONTACTADO,SIN VERIFICAR: dato de extracto del buscador (web no abierta; WebFetch bloqueado). Teléfono no encontrado. También ginecología estética.
ARC-028,Clínica Dra. Mariangel Benítez (MB Clinic),Retiro,"Calle Alcalde Sainz de Baranda 30, 28009 Madrid",https://dramariangelbenitezferrer.com/,,Dra. Mariangel Benítez Ferrer,,no,https://www.doctoralia.es/clinicas/clinica-dra-mariangel-benitez | https://dramariangelbenitezferrer.com/,NO CONTACTADO,"SIN VERIFICAR: dato de extracto del buscador (web no abierta; WebFetch bloqueado). Doctoralia también la ubica en Doce de Octubre 5 (mismo local que Instituto Zentro, ARC-041): dirección actual SIN VERIFICAR. Teléfono no encontrado."
ARC-029,Clínica Doctora Tamara Vega,"Retiro (O'Donnell, límite con Salamanca)","Calle de O'Donnell 49, Madrid",https://dratamaravega.com/,,Dra. Tamara de la Candelaria Vega Velázquez,,no,https://www.doctoralia.es/clinicas/clinica-doctora-tamara-vega | https://dratamaravega.com/,NO CONTACTADO,SIN VERIFICAR: dato de extracto del buscador (web no abierta; WebFetch bloqueado). Primera visita 50 €. Teléfono no encontrado. Distrito exacto SIN VERIFICAR.
ARC-030,Clínica Vandermed,"Retiro (O'Donnell, límite con Salamanca)","Calle de O'Donnell 18, planta 1, puerta I, 28009 Madrid",https://clinicavandermed.com/,630 47 79 28,,,no,https://clinicavandermed.com/ | https://www.saludonnet.com/clinica/clinica-vandermed,NO CONTACTADO,SIN VERIFICAR: dato de extracto del buscador (web no abierta; WebFetch bloqueado). Dermatología + medicina estética. Médicas citadas: Dra. Carlota Bernad Remartínez y Dra. Agustina Rodrigo (titular no identificado).
ARC-031,Clínica Lotus,Chamartín,"Calle de López de Hoyos 133, 28002 Madrid",https://clinicalotus.es/,915 06 10 81,,,no,https://www.fresha.com/lvp/clinica-lotus-calle-de-lopez-de-hoyos-madrid-ovEQj8 | https://www.paginasamarillas.es/f/madrid/clinica-lotus_233380518_000000001.html,NO CONTACTADO,SIN VERIFICAR: dato de extracto del buscador (web no abierta; WebFetch bloqueado). Profesional citada: Dra. Miriam Chinchón (rol no confirmado: SIN VERIFICAR). Web solo por extracto.
ARC-032,Clínica ESVITAL,Salamanca,"Calle de López de Hoyos 15, 1.º, 28006 Madrid",https://clinicaesvital.com/,690 91 82 00,,,no,https://clinicaesvital.com/ | https://clinicaesvital.com/equipo-medico/,NO CONTACTADO,SIN VERIFICAR: dato de extracto del buscador (web no abierta; WebFetch bloqueado). Medicina y cirugía estética. Médicos citados: Dr. Rafael Legórburu y Dra. Julia Natera (titular no identificado).
ARC-033,Centro Médico López-Linares,Chamartín,"Plaza de la República del Ecuador 3, 28016 Madrid",https://www.doctoralopezlinares.com/,,Dra. Ana López-Linares Pérez,,no,https://www.doctoralopezlinares.com/ | https://www.doctoralia.es/ana-lopez-linares-perez/medico-estetico-medico-general/madrid,NO CONTACTADO,"SIN VERIFICAR: dato de extracto del buscador (web no abierta; WebFetch bloqueado). Medicina estética regenerativa y tricología. Misma dirección que una clínica dental del Dr. Ignacio López-Linares: posible centro compartido, SIN VERIFICAR. Teléfono no encontrado."
ARC-034,Clínicas Auramed,Centro,"Calle de Hortaleza 65, 2.ª planta, 28004 Madrid",https://clinicasauramed.com/,915 22 22 83 / 641 11 69 17 (WhatsApp),,,no,https://clinicasauramed.com/ | https://www.doctoralia.es/clinicas/clinicas-auramed,NO CONTACTADO,SIN VERIFICAR: dato de extracto del buscador (web no abierta; WebFetch bloqueado). Policlínica (20+ médicos); la medicina estética es una especialidad más. Prioridad media-baja.
ARC-035,Bienestar Retiro (Clínicas Retiro),Retiro,"Calle de Fernán González 41, 28009 Madrid",https://retirobienestar.com/,914 00 93 18,,,no,https://retirobienestar.com/contacto/ | https://www.fresha.com/lvp/bienestar-retiro-especialistas-en-medicina-estetica-en-madrid-calle-de-fernan-oowZqw,NO CONTACTADO,SIN VERIFICAR: dato de extracto del buscador (web no abierta; WebFetch bloqueado). Fisioterapia + medicina estética. Titular no encontrado.
ARC-036,Clínica Olalla Álvarez Aesthetic Medicine,Chamberí,"Calle del Monte Esquinza 18 (esquina Fernando el Santo), 28010 Madrid",https://www.olallaalvarezaesthetic.com/,611 62 07 13,Olalla Álvarez (CEO; enfermera dermoestética según extracto),,no,https://www.olallaalvarezaesthetic.com/ | https://www.fresha.com/lvp/clinica-olalla-alvarez-aesthetic-medicine-calle-de-monte-esquinza-madrid-58kj17,NO CONTACTADO,SIN VERIFICAR: dato de extracto del buscador (web no abierta; WebFetch bloqueado). Otra fuente dice Fernando el Santo 18: dirección exacta SIN VERIFICAR. Titular no médica: comprobar quién es el médico responsable y la autorización U.48 (SIN VERIFICAR).
ARC-037,ENEA Clínica de Medicina Estética (Madrid),Salamanca,"Calle de Serrano 85, 28006 Madrid",https://www.eneaclinica.com/madrid/,650 94 94 33,,,no,https://www.eneaclinica.com/madrid/ | https://www.eneaclinica.com/contacto/,NO CONTACTADO,"SIN VERIFICAR: dato de extracto del buscador (web no abierta; WebFetch bloqueado). 2 centros (Madrid y Alicante): mini-grupo, no cadena grande. Equipo de doctoras; titular no identificado. Sociedad: Enea Madrid Medicina Estética SL."
ARC-038,Cristina Álvarez Medicina Estética (Ayala),Salamanca,"Calle de Ayala 93, 28006 Madrid",https://www.cristinalvarez.com/,914 02 94 53 / 608 24 17 56,,,no,https://www.groupon.es/biz/madrid/cristina-alvarez-medicina-estetica-2 | https://www.cristinalvarez.com/medicina-estetica-facial/,NO CONTACTADO,"SIN VERIFICAR: dato de extracto del buscador (web no abierta; WebFetch bloqueado). 3 centros propios en Madrid según extracto (Ayala 93, Montesa 10, Potosí 7): grupo local, SIN VERIFICAR. Mezcla belleza y medicina estética. Titular (¿Cristina Álvarez?) SIN VERIFICAR."
ARC-039,Centro Médico Núñez de Balboa (CM Balboa),Salamanca,"Calle de Núñez de Balboa 48, bajo dcha., 28001 Madrid",https://www.cmbalboa.com/,914 44 98 67,,,no,https://www.cmbalboa.com/contacto/ | https://www.cmbalboa.com/estetica-madrid-centro/,NO CONTACTADO,"SIN VERIFICAR: dato de extracto del buscador (web no abierta; WebFetch bloqueado). Centro médico multiespecialidad (dermatología, endocrino, estética). No confundir con Centro Médico Mapfre Núñez de Balboa ni con Clínica Balboa (cirugía plástica)."
ARC-040,Clínica Estética Velázquez 57,Salamanca,"Calle de Velázquez 57, Madrid",https://esteticavelazquez.com/,,,@clinica_esteticavelazquez,no,https://esteticavelazquez.com/ | https://www.multiestetica.com/centros/clinica-estetica-velazquez-57,NO CONTACTADO,SIN VERIFICAR: dato de extracto del buscador (web no abierta; WebFetch bloqueado). Medicina estética y capilar. Teléfono y titular no encontrados. No confundir con Clínica Velázquez de Sevilla.
ARC-041,Instituto Zentro,Retiro,"Calle del Doce de Octubre 5, entreplanta, 28009 Madrid",https://institutozentro.es/,696 63 84 22,,,no,https://institutozentro.es/ | https://www.doctoralia.es/clinicas/instituto-zentro,NO CONTACTADO,"SIN VERIFICAR: dato de extracto del buscador (web no abierta; WebFetch bloqueado). Fisioterapia + medicina estética + nutrición. En la misma dirección figuran Dra. Mariangel Benítez (ARC-028) y 'Dr. Rojas Clínica Estética': posible centro compartido, SIN VERIFICAR."
ARC-042,MG Clinic,Chamartín,"Calle del Padre Damián 41, 28036 Madrid",https://mgclinic.es/,618 48 90 25,,,no,https://www.fresha.com/lvp/mg-clinic-clinica-de-estetica-y-cirugia-madrid-calle-del-padre-damian-madrid-2GN342 | https://www.doctoralia.es/clinicas/mg-clinic | https://mgclinic.es/nosotros/la-clinica/,NO CONTACTADO,SIN VERIFICAR: dato de extracto del buscador (web no abierta; WebFetch bloqueado). Medicina y cirugía estética. Médicas citadas: Dra. Nancy Miranda y Dra. Leipzig Goitia (rol no confirmado).
ARC-043,SkinMed Clinic,Chamartín,"Calle de Apolonio Morales 13, local A, 28036 Madrid",https://skinmedclinic.es/,910 82 41 75 / 640 38 97 26,Dra. Méndez de Vigo,@clinicaskinmed,no,https://skinmedclinic.es/contacto/ | https://www.instagram.com/clinicaskinmed/,NO CONTACTADO,SIN VERIFICAR: dato de extracto del buscador (web no abierta; WebFetch bloqueado). Nombre completo de la doctora SIN VERIFICAR.
ARC-044,Clínica Velassaru Medicina Estética Integral,Chamberí,"Calle de Feijóo 4, 28010 Madrid",https://clinicavelassaru.com/,,Claudia Maurer (directora; médica estética según extracto),,no,https://clinicavelassaru.com/ | https://www.fresha.com/lvp/integral-aesthetic-calle-de-feijoo-madrid-ovoYBx | https://www.velassaruintegralaesthetic.com/contacto,NO CONTACTADO,SIN VERIFICAR: dato de extracto del buscador (web no abierta; WebFetch bloqueado). Dos dominios (clinicavelassaru.com y velassaruintegralaesthetic.com). Teléfono no encontrado.
ARC-045,Clínica Baobab,Chamberí,"Calle de Fernando el Católico 57, bajo A, 28015 Madrid",https://clinicabaobab.com/,910 74 32 51,,,no,https://clinicabaobab.com/ | https://clinicabaobab.com/medicina-estetica-chamberi-moncloa-madrid/,NO CONTACTADO,SIN VERIFICAR: dato de extracto del buscador (web no abierta; WebFetch bloqueado). Odontología + medicina estética (negocio principal probablemente dental). Prioridad baja.
ARC-046,MicroEtéreal Beauty Clinic,Chamberí,"Calle del General Ampudia 4-6, 28003 Madrid",https://microetereal.es/,,,,no,https://microetereal.es/ | https://www.fresha.com/es/lvp/microetereal-beauty-clinic-calle-del-general-ampudia-madrid-znKql6,NO CONTACTADO,SIN VERIFICAR: dato de extracto del buscador (web no abierta; WebFetch bloqueado). Número exacto (4 o 6) SIN VERIFICAR. Se cita a una 'doctora Darling' (apellido y rol SIN VERIFICAR). Mezcla estética y medicina estética.
ARC-047,Estética Callao (Medicina Estética Callao),Centro,"Plaza del Callao 1, planta 3, oficina 303, 28013 Madrid",https://www.medicinaesteticacallao.com/,,,,no,https://www.medicinaesteticacallao.com/en | https://www.doctoralia.es/clinicas/medicina-estetica-callao,NO CONTACTADO,"SIN VERIFICAR: dato de extracto del buscador (web no abierta; WebFetch bloqueado). Otro extracto dice planta 6, oficina 5: SIN VERIFICAR. Teléfono y titular no encontrados."
ARC-048,Clínicas Menéndez Pelayo,Retiro,"Avenida de Menéndez Pelayo 57, Madrid",https://clinicasmenendezpelayo.com/,91 574 10 03,,,no,https://clinicasmenendezpelayo.com/,NO CONTACTADO,"SIN VERIFICAR: dato de extracto del buscador (web no abierta; WebFetch bloqueado). Cirugía + medicina estética, láser, nutrición; +20 años. Titular no encontrado."
ARC-049,Mangata Estética Integral y Medicina Estética,Chamartín,"Calle de Víctor Andrés Belaunde 6, 28016 Madrid",https://www.mangataestetica.com/,622 83 48 36,,,no,https://www.mangataestetica.com/situacion-y-contacto/ | https://www.fresha.com/lvp/mangata-centro-de-estetica-integral-medicina-estetica-y-fisioterapia-calle-de-A8JQJ4,NO CONTACTADO,SIN VERIFICAR: dato de extracto del buscador (web no abierta; WebFetch bloqueado). Centro de belleza con medicina estética y fisioterapia (El Viso). Titular no encontrado.
