id,nombre,distrito,direccion,web,telefono_publico,email_publico,portales,n_anuncios_aprox,n_agentes_aprox,decisor,fuente,estado,notas
MAD-001,Inmobiliaria Chamberí,Chamberí,"C/ Ponzano 50, 28003 Madrid",https://inmobiliariachamberi.com/,915714400,,propia,,,,https://www.paginasamarillas.es/f/madrid/inmobiliaria-chamberi_233737709_000000001.html | https://inmobiliariachamberi.com/,NO CONTACTADO,"Empresa familiar, +30 años según su web (snippet). Posible confusión con 'Inmobiliaria ChamberI' de Glorieta de Quevedo. SIN VERIFICAR: dato del resumen de WebSearch (web original no abierta; WebFetch bloqueado)."
MAD-002,Inmobiliaria ChamberI (inmobiliariachamberi.madrid),Chamberí,"Glorieta de Quevedo 9, 28015 Madrid",https://www.inmobiliariachamberi.madrid/,914356575,,propia,,,,https://www.inmobiliariachamberi.madrid/es/contacto,NO CONTACTADO,Horario L-V 8-22 h y S 9-14 h según snippet (dato útil para prueba de respuesta). Comprobar si es la misma empresa que Ponzano 50. SIN VERIFICAR: dato del resumen de WebSearch (web original no abierta; WebFetch bloqueado).
MAD-003,Don Chamberí,Chamberí,"P.º General Martínez Campos 23, 28010 Madrid",https://www.donchamberi.es/,910593085,info@donchamberi.es,propia,,,,https://www.donchamberi.es/es/contacto/ | https://www.lomejordelbarrio.com/chamberi/inmobiliarias/don-chamberi,NO CONTACTADO,"+16 años en el sector según snippet. Horario L-V 9:30-14 y 16:30-19:30, S 11-13:30. SIN VERIFICAR: dato del resumen de WebSearch (web original no abierta; WebFetch bloqueado)."
MAD-004,Chamberí Servicios Inmobiliarios,Chamberí,,https://chamberisi.com/,,,propia,,,,https://chamberisi.com/,NO CONTACTADO,Solo nombre y web vistos en buscador. SIN VERIFICAR: dato del resumen de WebSearch (web original no abierta; WebFetch bloqueado).
MAD-005,Novalinmo,,,https://novalinmo.es/,,,propia,,,,https://novalinmo.es/inmobiliaria/madrid/chamberi,NO CONTACTADO,Se presenta como agencia independiente; tiene landing de Chamberí pero no consta dirección. SIN VERIFICAR: dato del resumen de WebSearch (web original no abierta; WebFetch bloqueado).
MAD-006,Mar Real Estate,Chamberí,"C/ Cea Bermúdez 7, 28003 Madrid",,910858694,,,,,,https://fadei.com.es/mar-real-estate-inmobiliaria-en-chamberi/,NO CONTACTADO,SIN VERIFICAR: dato del resumen de WebSearch (web original no abierta; WebFetch bloqueado).
MAD-007,Agencia Astorga,Chamberí,"C/ Donoso Cortés 8, 2º D, 28015 Madrid",https://agenciastorga.com/,,,propia,,,,https://agenciastorga.com/el-distrito-del-que-propietarios-inquilinos-e-inversores-hablan-chamberi/,NO CONTACTADO,Horario L-V 9:30-14 y 16:30-19:30 según snippet. SIN VERIFICAR: dato del resumen de WebSearch (web original no abierta; WebFetch bloqueado).
MAD-008,Assyss Inmobiliarias,Chamberí,"C/ Fernando el Católico 44, 28015 Madrid",https://www.assyss.com/es,914464732,,propia,,0-10 empleados (directorio),,https://inmoradar.com/inmobiliaria/assyss-inmobiliarias/ | https://www.paginasamarillas.es/f/madrid/assyss-inmobiliarias_211273271_000000001.html,NO CONTACTADO,"Páginas Amarillas indica otra dirección (C/ Conde Duque 22, Centro): confirmar. Sello Buenas Prácticas Consejo de Consumo CAM según snippet. SIN VERIFICAR: dato del resumen de WebSearch (web original no abierta; WebFetch bloqueado)."
MAD-009,Hogar Madrid,Chamberí,"C/ Guzmán el Bueno 98, entreplanta D, 28003 Madrid",https://www.hogarmadrid.es/,915914436,,propia,,,,https://www.paginasamarillas.es/f/madrid/hogar-madrid_224574350_000000001.html | https://www.hogarmadrid.es/contacto,NO CONTACTADO,SIN VERIFICAR: dato del resumen de WebSearch (web original no abierta; WebFetch bloqueado).
MAD-010,House Hunting Grupo Inmobiliario,Chamberí,"C/ Vallehermoso 40, 28015 Madrid",https://househunting.es/,917587350,info@hhinmuebles.com,propia,,,,https://househunting.es/contacto/ | https://www.paginasamarillas.es/f/madrid/house-hunting_224255323_000000001.html,NO CONTACTADO,Horario L-V 10-14 y 16-19 según snippet. SIN VERIFICAR: dato del resumen de WebSearch (web original no abierta; WebFetch bloqueado).
MAD-011,Ventis Properties,Chamberí,,https://ventisproperties.com/,,,propia,,,,https://ventisproperties.com/,NO CONTACTADO,"Boutique de lujo (Chamberí, Almagro, Recoletos). Sin dirección confirmada. SIN VERIFICAR: dato del resumen de WebSearch (web original no abierta; WebFetch bloqueado)."
MAD-012,Alfa Chamberí Inmobiliaria,Chamberí,"C/ Blasco de Garay 15, local 1, 28015 Madrid",https://www.alfachamberi.com/,915502557,,idealista; propia,9 en venta (título idealista),,,https://esopiniones.com/madrid/alfa-chamberi-inmobiliaria-308367 | https://www.idealista.com/en/pro/alfachamberi/venta-viviendas/,NO CONTACTADO,"Pertenece a la franquicia Alfa Inmobiliaria (según título de su web): franquicia pequeña, revisar si tiene central de leads. SIN VERIFICAR: dato del resumen de WebSearch (web original no abierta; WebFetch bloqueado)."
MAD-013,Vivienda2 (oficina Arapiles/Chamberí),Chamberí,,https://www.vivienda2.com/,,,propia,,,,https://www.vivienda2.com/venta-viviendas-chamberi/arapiles/ | https://www.vivienda2.com/donde-estamos/,NO CONTACTADO,Red/cadena de varias oficinas: prioridad baja. SIN VERIFICAR: dato del resumen de WebSearch (web original no abierta; WebFetch bloqueado).
MAD-014,Única Inmobiliaria - Chamberí,Chamberí,"C/ Luchana 31, 1º B, Madrid",https://unicainmobiliaria.com/,915919700,chamberi@unicainmobiliaria.com,propia,,,,https://unicainmobiliaria.com/en/unica/unica-inmobiliaria-chamberi/,NO CONTACTADO,El snippet da CP 28016 (probable error; Luchana es 28010). Red/cadena de varias oficinas: prioridad baja. SIN VERIFICAR: dato del resumen de WebSearch (web original no abierta; WebFetch bloqueado).
MAD-015,Look & Find Chamberí,Chamberí,"P.º General Martínez Campos 22, Madrid",https://lookandfind.es/,,,,,,,https://temploconsulting.com/las-mejores-inmobiliarias-de-chamberi/,NO CONTACTADO,FRANQUICIA/RED con central de leads propia: EXCLUIR de prospección. SIN VERIFICAR: dato del resumen de WebSearch (web original no abierta; WebFetch bloqueado).
MAD-016,AJ Team Inmobiliario (RE/MAX),Chamberí,"C/ Cea Bermúdez 12, 28003 Madrid",https://ajteaminmobiliario.com/,+34640695086,,,,,,https://ajteaminmobiliario.com/contacto/,NO CONTACTADO,RE/MAX. FRANQUICIA/RED con central de leads propia: EXCLUIR de prospección. SIN VERIFICAR: dato del resumen de WebSearch (web original no abierta; WebFetch bloqueado).
MAD-017,RE/MAX Urbe Chamberí,Chamberí,"C/ Galileo 33, 28015 Madrid",https://www.remax.es/,915911091,urbechamberi@remax.es,,,,,https://www.remax.es/buscador-de-oficinas/madrid/madrid/chamberi-arapiles/remax-urbechamberi/,NO CONTACTADO,FRANQUICIA/RED con central de leads propia: EXCLUIR de prospección. SIN VERIFICAR: dato del resumen de WebSearch (web original no abierta; WebFetch bloqueado).
MAD-018,Redpiso Chamberí-Almagro,Chamberí,"Plaza de Chamberí 9, 28010 Madrid",https://www.redpiso.es/,910378491,almagro@redpiso.es,,,,,https://www.redpiso.es/oficina/inmobiliaria-chamberi-almagro/venta,NO CONTACTADO,FRANQUICIA/RED con central de leads propia: EXCLUIR de prospección. SIN VERIFICAR: dato del resumen de WebSearch (web original no abierta; WebFetch bloqueado).
MAD-019,Redpiso Chamberí-Vallehermoso,Chamberí,"P.º San Francisco de Sales 8, 28003 Madrid",https://www.redpiso.es/,910228132,,,,,,https://www.redpiso.es/oficina/inmobiliaria-chamberi-vallehermoso/venta,NO CONTACTADO,FRANQUICIA/RED con central de leads propia: EXCLUIR de prospección. SIN VERIFICAR: dato del resumen de WebSearch (web original no abierta; WebFetch bloqueado).
MAD-020,Redpiso Chamberí,Chamberí,"C/ Bravo Murillo 23, 28015 Madrid",https://www.redpiso.es/,918336958,e.chamberi@redpiso.es,,,,,https://www.redpiso.es/oficina/inmobiliaria-chamberi/venta,NO CONTACTADO,FRANQUICIA/RED con central de leads propia: EXCLUIR de prospección. SIN VERIFICAR: dato del resumen de WebSearch (web original no abierta; WebFetch bloqueado).
MAD-021,Redpiso Chamberí-Luchana,Chamberí,,https://www.redpiso.es/,915078237,,,,,,https://www.redpiso.es/oficina/inmobiliaria-chamberi-luchana/venta,NO CONTACTADO,FRANQUICIA/RED con central de leads propia: EXCLUIR de prospección. SIN VERIFICAR: dato del resumen de WebSearch (web original no abierta; WebFetch bloqueado).
MAD-022,Tecnocasa Gestión Inmobiliaria Chamberí,Chamberí,"C/ Bravo Murillo 71, 28003 Madrid",https://madrid171.tecnocasa.es/,910269799,,,,,,https://madrid171.tecnocasa.es/madrid/chamberi-rios-rosas/,NO CONTACTADO,FRANQUICIA/RED con central de leads propia: EXCLUIR de prospección. SIN VERIFICAR: dato del resumen de WebSearch (web original no abierta; WebFetch bloqueado).
MAD-023,Tecnocasa Estudio Gaztambide,Chamberí,,https://madrid162.tecnocasa.es/,,,,,,,https://madrid162.tecnocasa.es/madrid/chamberi-gaztambide/,NO CONTACTADO,FRANQUICIA/RED con central de leads propia: EXCLUIR de prospección.
MAD-024,Tecnocasa Estudio Nuevo Arapiles,Chamberí,,https://madrid214.tecnocasa.es/,,,,,,,https://madrid214.tecnocasa.es/madrid/chamberiarapiles/,NO CONTACTADO,FRANQUICIA/RED con central de leads propia: EXCLUIR de prospección.
MAD-025,Tecnocasa Chamberí-Trafalgar (Alburquerque),Chamberí,"C/ Alburquerque 8, Madrid",https://www.tecnocasa.es/,,,,,,,https://www.tecnocasa.es/agencia-inmobiliaria/madrid/chamberi_trafalgar_rios_rosas/mdaf3.html,NO CONTACTADO,FRANQUICIA/RED con central de leads propia: EXCLUIR de prospección. SIN VERIFICAR: dato del resumen de WebSearch (web original no abierta; WebFetch bloqueado).
MAD-026,Globalpiso Chamberí,Chamberí,,https://www.globalpiso.es/,,,,,,,https://www.globalpiso.es/inmobiliaria/chamberi,NO CONTACTADO,FRANQUICIA/RED con central de leads propia: EXCLUIR de prospección.
MAD-027,Gilmar Chamberí,Chamberí,,https://www.gilmar.es/,,,,,,,https://www.gilmar.es/oficinas/agencia-inmobiliaria-chamberi/,NO CONTACTADO,Red grande propia. FRANQUICIA/RED con central de leads propia: EXCLUIR de prospección.
MAD-028,Única Inmobiliaria - Barrio de Salamanca,Salamanca,"C/ Jorge Juan 64, 1º Dcha, 28009 Madrid",https://unicainmobiliaria.com/,915760101,info@unicainmobiliaria.com,propia,,,,https://unicainmobiliaria.com/en/unica/unica-inmobiliaria-barrio-salamanca/,NO CONTACTADO,Red/cadena de varias oficinas: prioridad baja. SIN VERIFICAR: dato del resumen de WebSearch (web original no abierta; WebFetch bloqueado).
MAD-029,Directing International Properties,Salamanca,"C/ Velázquez 27, 1º Izq., 28001 Madrid",https://directing.es/,,,propia,,,,https://directing.es/,NO CONTACTADO,Lujo. SIN VERIFICAR: dato del resumen de WebSearch (web original no abierta; WebFetch bloqueado).
MAD-030,Promora,Salamanca,"C/ Velázquez 27, 1-I, Madrid",https://www.promora.com/,,,propia,,,,https://www.promora.com/es/contacto/inmobiliaria-barrio-salamanca,NO CONTACTADO,Otro snippet la sitúa en Ortega y Gasset esq. Serrano: confirmar. Misma dirección que Directing: ¿relacionadas? SIN VERIFICAR: dato del resumen de WebSearch (web original no abierta; WebFetch bloqueado).
MAD-031,Inmobiliaria Madrid Salamanca,Salamanca,,https://inmobiliariamadridsalamanca.es/,,,propia,,,,https://inmobiliariamadridsalamanca.es/,NO CONTACTADO,SIN VERIFICAR: dato del resumen de WebSearch (web original no abierta; WebFetch bloqueado).
MAD-032,HousinGo,Salamanca,"C/ Ayala 62, local dcha, 28001 Madrid",,,,,,,,https://realadvisor.es/es/agencias-inmobiliarias/28001-madrid,NO CONTACTADO,Snippet cita también oficinas en Serrano 81 y Velázquez 117 (3 oficinas). Fuente exacta del dato no identificada. SIN VERIFICAR: dato del resumen de WebSearch (web original no abierta; WebFetch bloqueado).
MAD-033,VM Vivienda Madrid,Salamanca,,https://www.viviendamadrid.com/,,,propia,,,,https://www.viviendamadrid.com/inmobiliaria-barrio-de-salamanca/,NO CONTACTADO,SIN VERIFICAR: dato del resumen de WebSearch (web original no abierta; WebFetch bloqueado).
MAD-034,UBICASA Inmobiliaria Barrio de Salamanca,Salamanca,"C/ Montesa 29, 28006 Madrid",https://www.ubicasa.es/,+34912774587,info@ubicasa.es,propia,,,,https://www.ubicasa.es/contactenos | https://www.paginasamarillas.es/f/madrid/ubicasa-inmobiliaria-barrio-de-salamanca-madrid_230834814_000000001.html,NO CONTACTADO,SIN VERIFICAR: dato del resumen de WebSearch (web original no abierta; WebFetch bloqueado).
MAD-035,Symbolic Gestión Inmobiliaria,Salamanca,"C/ Don Ramón de la Cruz 63, 1º B, 28001 Madrid",https://www.symbolic.es/,914315819,,idealista; yaencontre; propia,"~8 en idealista (2 venta + 6 alquiler, títulos)",,,https://www.idealista.com/pro/symbolic-gestion-inmobiliaria/ | https://empresite.eleconomista.es/SYMBOLIC-INMUEBLES.html,NO CONTACTADO,Desde 1991 según snippet. Mucho alquiler. SIN VERIFICAR: dato del resumen de WebSearch (web original no abierta; WebFetch bloqueado).
MAD-036,Solución Inmobiliaria (Jorge Juan 43),Salamanca,"C/ Jorge Juan 43 esq. Castelló, Madrid",https://www.solucioninmobiliaria.es/,,,propia,,,,https://www.solucioninmobiliaria.es/es/contacto,NO CONTACTADO,"DUDOSO: el snippet mezcla con una sede en Salamanca (ciudad), P.º Doctor Villarroel 13. Confirmar que opera en Madrid. SIN VERIFICAR: dato del resumen de WebSearch (web original no abierta; WebFetch bloqueado)."
MAD-037,Monago Consultores Inmobiliarios,Salamanca,"C/ Núñez de Balboa 122, 28006 Madrid",https://monagoconsultores.es/,604809145,hola@monagoconsultores.es,idealista; fotocasa; habitaclia; yaencontre; propia,2 idealista / 3 fotocasa / 5 yaencontre (títulos),,,https://monagoconsultores.es/ | https://www.idealista.com/pro/monagohomes/ | https://www.fotocasa.es/es/inmobiliaria-monago-consultores-inmobiliarios/comprar/inmuebles/espana/todas-las-zonas/l?clientId=9202773729751,NO CONTACTADO,"El buscador la etiqueta como Chamartín, pero la dirección es de Salamanca. Empresa familiar según snippet. SIN VERIFICAR: dato del resumen de WebSearch (web original no abierta; WebFetch bloqueado)."
MAD-038,ETURES,Salamanca,,https://www.etures.com/,,,propia,,,,https://www.etures.com/,NO CONTACTADO,"+15 años, inversión y obra nueva según snippet. SIN VERIFICAR: dato del resumen de WebSearch (web original no abierta; WebFetch bloqueado)."
MAD-039,Soluciones Tengacasa,Salamanca,"C/ Azcona 7, local 2, 28028 Madrid",https://www.tengacasa.es/,913559999,,habitaclia; propia,,,,https://www.tengacasa.es/comun/contactar.jsp | https://www.paginasamarillas.es/f/madrid/soluciones-tengacasa_189153216_000000001.html,NO CONTACTADO,Barrio Guindalera. SIN VERIFICAR: dato del resumen de WebSearch (web original no abierta; WebFetch bloqueado).
MAD-040,Estudio Guindalera 2014 SL,Salamanca,"C/ Cartagena 27, 28028 Madrid",,913615488,,,,,,https://inmobiliarias.tecnocasa.es/agencias-inmobiliarias/comunidad-de-madrid/madrid-provincia/madrid/salamanca-1/guindalera/,NO CONTACTADO,Aparece en listado de Tecnocasa Guindalera: probablemente franquicia Tecnocasa. SIN VERIFICAR: dato del resumen de WebSearch (web original no abierta; WebFetch bloqueado).
MAD-041,Inmobiliaria Hispana SA,Salamanca,"C/ Príncipe de Vergara 38, 1º Dcha, 28001 Madrid",,914355980,,,,,,https://empresite.eleconomista.es/INMOBILIARIA-HISPANA.html,NO CONTACTADO,Puede ser sociedad patrimonial y no agencia de intermediación: confirmar. SIN VERIFICAR: dato del resumen de WebSearch (web original no abierta; WebFetch bloqueado).
MAD-042,Redpiso Barrio de Salamanca,Salamanca,"C/ Diego de León 20, 28006 Madrid",https://www.redpiso.es/,912974067,barriosalamanca@redpiso.es,,,,,https://www.redpiso.es/oficina/inmobiliaria-barrio-de-salamanca/venta,NO CONTACTADO,FRANQUICIA/RED con central de leads propia: EXCLUIR de prospección. SIN VERIFICAR: dato del resumen de WebSearch (web original no abierta; WebFetch bloqueado).
MAD-043,Gilmar Barrio de Salamanca,Salamanca,"C/ Diego de León 15, Madrid",https://www.gilmar.es/,,,,,,,https://www.gilmar.es/oficinas/agencia-inmobiliaria-barrio-salamanca/,NO CONTACTADO,Red grande propia. FRANQUICIA/RED con central de leads propia: EXCLUIR de prospección. SIN VERIFICAR: dato del resumen de WebSearch (web original no abierta; WebFetch bloqueado).
MAD-044,Coldwell Banker Unique,Salamanca,"C/ Jorge Juan 55, Madrid",https://www.coldwellbanker.es/,,,,,,,https://www.coldwellbanker.es/inmobiliaria-madrid-barrio-salamanca-unique,NO CONTACTADO,FRANQUICIA/RED con central de leads propia: EXCLUIR de prospección. SIN VERIFICAR: dato del resumen de WebSearch (web original no abierta; WebFetch bloqueado).
MAD-045,John Taylor Madrid (Bacco Asesores),Salamanca,"C/ Lagasca 65, 28001 Madrid",https://www.john-taylor.es/,917810691,,,,,,https://www.john-taylor.es/agencia-inmobiliaria-lujo/madrid/,NO CONTACTADO,FRANQUICIA/RED con central de leads propia: EXCLUIR de prospección. SIN VERIFICAR: dato del resumen de WebSearch (web original no abierta; WebFetch bloqueado).
MAD-046,Lucas Fox Madrid,Salamanca,"C/ Serrano 8, 28001 Madrid",https://www.lucasfox.com/,912900182,,,,,,https://www.lucasfox.com/property/spain/madrid/mad-city/salamanca.html,NO CONTACTADO,FRANQUICIA/RED con central de leads propia: EXCLUIR de prospección. SIN VERIFICAR: dato del resumen de WebSearch (web original no abierta; WebFetch bloqueado).
MAD-047,Tecnocasa Lista-Guindalera (Montesa 33),Salamanca,"C/ Montesa 33, Madrid",https://www.tecnocasa.es/,,,,,,,https://www.tecnocasa.es/agencia-inmobiliaria/madrid/lista_guindalera/md034.html,NO CONTACTADO,FRANQUICIA/RED con central de leads propia: EXCLUIR de prospección. SIN VERIFICAR: dato del resumen de WebSearch (web original no abierta; WebFetch bloqueado).
MAD-048,Tecnocasa Estudio Paseo Marqués de Zafra,Salamanca,,https://madrid46.tecnocasa.es/,,,,,,,https://madrid46.tecnocasa.es/madrid/salamanca-fuentedelberro/,NO CONTACTADO,FRANQUICIA/RED con central de leads propia: EXCLUIR de prospección.
MAD-049,Tecnocasa Estudio Inmobiliario Ventas 2023,Salamanca,"C/ Cartagena 56, bajo dcha, 28028 Madrid",https://www.tecnocasa.es/,623993205,,,,,,https://inmobiliarias.tecnocasa.es/agencia-inmobiliaria/madrid/salamanca-1/guindalera/estudio-inmobiliario-ventas-2023-sl/,NO CONTACTADO,FRANQUICIA/RED con central de leads propia: EXCLUIR de prospección. SIN VERIFICAR: dato del resumen de WebSearch (web original no abierta; WebFetch bloqueado).
MAD-050,Tecnocasa Desarrollo Bruselas (Parque de las Avenidas),Salamanca,"Av. de Bruselas 47, local PB, 28028 Madrid",https://www.tecnocasa.es/,917263883,,,,,,https://inmobiliarias.tecnocasa.es/agencia-inmobiliaria/madrid/salamanca-1/guindalera/desarrollo-bruselas-slu/,NO CONTACTADO,FRANQUICIA/RED con central de leads propia: EXCLUIR de prospección. SIN VERIFICAR: dato del resumen de WebSearch (web original no abierta; WebFetch bloqueado).
MAD-051,Inmobiliaria Retiro Salamanca,Retiro,"C/ Ibiza 32, local, 28009 Madrid",,914008058,,,,,,https://www.paginasamarillas.es/f/madrid/inmobiliaria-retiro-salamanca_188393458_000000001.html,NO CONTACTADO,SIN VERIFICAR: dato del resumen de WebSearch (web original no abierta; WebFetch bloqueado).
MAD-052,Retiro Madrid S.L.,Retiro,"C/ León Gil de Palacio 2, bajos, 28007 Madrid",,915130333,,,,,,https://www.paginasamarillas.es/f/madrid/retiro-madrid-s-l-_217649425_000000001.html,NO CONTACTADO,SIN VERIFICAR: dato del resumen de WebSearch (web original no abierta; WebFetch bloqueado).
MAD-053,Tecno Vivienda Inmobiliaria Pacífico,Retiro,"Av. Menéndez Pelayo 38, local, 28007 Madrid",,917557311,,,,,,https://inmob.es/tecno-vivienda-inmobiliaria-pacifico-retiro-madrid-madrid-madrid/,NO CONTACTADO,Misma dirección que 'ALFA INMOBMADRID': posible mismo local/empresa. SIN VERIFICAR: dato del resumen de WebSearch (web original no abierta; WebFetch bloqueado).
MAD-054,ALFA INMOBMADRID,Retiro,"Av. Menéndez Pelayo 38, Madrid",,915013110,,,,,,https://www.paginasamarillas.es/f/madrid/alfa-inmobmadrid_199754383_000000001.html,NO CONTACTADO,Posible franquicia Alfa Inmobiliaria y posible duplicado de Tecno Vivienda. SIN VERIFICAR: dato del resumen de WebSearch (web original no abierta; WebFetch bloqueado).
MAD-055,MC Inmobiliaria (MC Menéndez Pelayo),Retiro,"Av. Menéndez Pelayo 113, bajo local, Madrid",,915015596,,fotocasa; habitaclia,8 (título fotocasa),,,https://www.paginasamarillas.es/f/madrid/mc-inmobiliaria_195468764_000000001.html | https://www.fotocasa.es/en/real-estate-agency-mc-menendez-pelayo/buy/estates/espana/all-zones/l?clientId=9202751039256&publisherId=f59e397c-331e-4e01-90b0-ea80a93e31e6,NO CONTACTADO,SIN VERIFICAR: dato del resumen de WebSearch (web original no abierta; WebFetch bloqueado).
MAD-056,Vivienda Europa,Retiro,,https://www.viviendaeuropa.es/,,,propia,,,,https://www.viviendaeuropa.es/,NO CONTACTADO,Fundada en 2000 en Retiro según snippet; sin dirección. SIN VERIFICAR: dato del resumen de WebSearch (web original no abierta; WebFetch bloqueado).
MAD-057,Sky Real Estate,,,https://skyrealestate.es/,,,propia,,,,https://skyrealestate.es/particulares/sky-real-estate-la-mejor-agencia-inmobiliaria-en-retiro-madrid/,NO CONTACTADO,"Landings SEO para varios distritos (Retiro, Chamartín); ubicación real sin confirmar. SIN VERIFICAR: dato del resumen de WebSearch (web original no abierta; WebFetch bloqueado)."
MAD-058,Vivienda2 (Niño Jesús),Retiro,"Av. Menéndez Pelayo 71, Madrid",https://www.vivienda2.com/,910312330,,propia,,,,https://www.vivienda2.com/donde-estamos/,NO CONTACTADO,Red/cadena de varias oficinas: prioridad baja. SIN VERIFICAR: dato del resumen de WebSearch (web original no abierta; WebFetch bloqueado).
MAD-059,Look & Find Retiro,Retiro,"C/ Narváez 49, 28009 Madrid",https://lookandfind.es/,912796980,,,,,,https://lookandfind.es/retiro,NO CONTACTADO,FRANQUICIA/RED con central de leads propia: EXCLUIR de prospección. SIN VERIFICAR: dato del resumen de WebSearch (web original no abierta; WebFetch bloqueado).
MAD-060,donpiso Madrid Retiro,Retiro,"C/ Ibiza 22, bajos, 28009 Madrid",https://www.donpiso.com/,910398147,madridretiro@donpiso.com,,,,,https://www.donpiso.com/inmobiliaria-madrid-retiro-madrid-donpiso/,NO CONTACTADO,FRANQUICIA/RED con central de leads propia: EXCLUIR de prospección. SIN VERIFICAR: dato del resumen de WebSearch (web original no abierta; WebFetch bloqueado).
MAD-061,Redpiso Retiro,Retiro,"C/ Ibiza 26, 28009 Madrid",https://www.redpiso.es/,912824464,e.retiro@redpiso.es,,,,,https://www.redpiso.es/oficina/inmobiliaria-retiro/venta,NO CONTACTADO,FRANQUICIA/RED con central de leads propia: EXCLUIR de prospección. SIN VERIFICAR: dato del resumen de WebSearch (web original no abierta; WebFetch bloqueado).
MAD-062,Redpiso Área Pacífico,Retiro,"C/ Doctor Esquerdo 144, 28007 Madrid",https://www.redpiso.es/,910125030,areapacifico@redpiso.es,,,,,https://www.redpiso.es/oficina/inmobiliaria-pacifico/venta,NO CONTACTADO,FRANQUICIA/RED con central de leads propia: EXCLUIR de prospección. SIN VERIFICAR: dato del resumen de WebSearch (web original no abierta; WebFetch bloqueado).
MAD-063,Redpiso Retiro-Niño Jesús-Jerónimos,Retiro,,https://www.redpiso.es/,,,,,,,https://www.redpiso.es/oficina/inmobiliaria-retiro-nino-jesus-jeronimos/venta,NO CONTACTADO,FRANQUICIA/RED con central de leads propia: EXCLUIR de prospección.
MAD-064,Tecnocasa Estudio Retiro 2020,Retiro,"C/ Narváez 44, local 3, 28009 Madrid",https://www.tecnocasa.es/,699393994,md129@tecnocasa.es,,,,,https://inmobiliarias.tecnocasa.es/agencia-inmobiliaria/madrid/retiro/ibiza/estudio-retiro-2020-sl/,NO CONTACTADO,FRANQUICIA/RED con central de leads propia: EXCLUIR de prospección. SIN VERIFICAR: dato del resumen de WebSearch (web original no abierta; WebFetch bloqueado).
MAD-065,Tecnocasa Ibiza Asesores Inmobiliarios,Retiro,"C/ Fernán González 57, local, 28009 Madrid",https://madrid127.tecnocasa.es/,,,,,,,https://madrid127.tecnocasa.es/madrid/retiro-ibiza/,NO CONTACTADO,FRANQUICIA/RED con central de leads propia: EXCLUIR de prospección. SIN VERIFICAR: dato del resumen de WebSearch (web original no abierta; WebFetch bloqueado).
MAD-066,Tecnocasa Retiro Asesores Inmobiliario,Retiro,"C/ Abtao 29, 28007 Madrid",https://madrid69.tecnocasa.es/,911610430,mdadd@tecnocasa.es,,,,,https://www.tecnocasa.es/agencia-inmobiliaria/madrid/pacifico_retiro/mdadd.html,NO CONTACTADO,FRANQUICIA/RED con central de leads propia: EXCLUIR de prospección. SIN VERIFICAR: dato del resumen de WebSearch (web original no abierta; WebFetch bloqueado).
MAD-067,Tecnocasa Adelfas-Pacífico Asesores,Retiro,"Av. Ciudad de Barcelona 95, local dcha, 28007 Madrid",https://www.tecnocasa.es/,911629512,,,,,,https://inmobiliarias.tecnocasa.es/agencia-inmobiliaria/madrid/retiro/adelfas/adelfas-pacifico-asesores-inmobiliarios-slu/,NO CONTACTADO,FRANQUICIA/RED con central de leads propia: EXCLUIR de prospección. SIN VERIFICAR: dato del resumen de WebSearch (web original no abierta; WebFetch bloqueado).
MAD-068,Tecnocasa Jerónimos y Pacífico Asesores,Retiro,,https://madrid221.tecnocasa.es/,,,,,,,https://madrid221.tecnocasa.es/madrid/retiro/,NO CONTACTADO,FRANQUICIA/RED con central de leads propia: EXCLUIR de prospección.
MAD-069,Tecnocasa Estrella Asesores Inmobiliarios,Retiro,,https://madrid173.tecnocasa.es/,,,,,5 asesores + 1 coordinador (snippet),,https://madrid173.tecnocasa.es/madrid/estrella/,NO CONTACTADO,FRANQUICIA/RED con central de leads propia: EXCLUIR de prospección. SIN VERIFICAR: dato del resumen de WebSearch (web original no abierta; WebFetch bloqueado).
MAD-070,Gilmar Retiro-Jerónimos,Retiro,,https://www.gilmar.es/,,,,,,,https://www.gilmar.es/oficinas/agencia-inmobiliaria-retiro/,NO CONTACTADO,Red grande propia. FRANQUICIA/RED con central de leads propia: EXCLUIR de prospección.
MAD-071,Inmobiliaria Medem,Chamartín,"C/ Príncipe de Vergara 207, portal 3, bajo B, 28002 Madrid",https://inmobiliariamedem.com/,914579011,info@imedem.es,propia,,,,https://inmobiliariamedem.com/contactar.php,NO CONTACTADO,Enfocada a alquiler según título. SIN VERIFICAR: dato del resumen de WebSearch (web original no abierta; WebFetch bloqueado).
MAD-072,Chamartín Inmobiliaria,Chamartín,"C/ Costa Rica 13, local bajo 2, 28016 Madrid",,616644383,,,,,,https://www.paginasamarillas.es/f/madrid/chamartin-inmobiliaria_232369694_000000001.html,NO CONTACTADO,SIN VERIFICAR: dato del resumen de WebSearch (web original no abierta; WebFetch bloqueado).
MAD-073,Reines Chamartín,Chamartín,"C/ Potosí 8, 28016 Madrid",https://www.reines.es/,+34653343764,,propia,,,,https://www.reines.es/chamartin,NO CONTACTADO,Tiene página por barrio: comprobar si es red. SIN VERIFICAR: dato del resumen de WebSearch (web original no abierta; WebFetch bloqueado).
MAD-074,Inmobiliaria Extra - Oficina Chamartín,Chamartín,"C/ Colombia 2, 28016 Madrid",https://inmobiliariaextra.es/,917703818,,propia,,,,https://inmobiliariaextra.es/agency/oficina-chamartin/,NO CONTACTADO,Red/cadena de varias oficinas: prioridad baja. SIN VERIFICAR: dato del resumen de WebSearch (web original no abierta; WebFetch bloqueado).
MAD-075,Vivienda2 (Chamartín),Chamartín,"C/ Príncipe de Vergara 280, 28016 Madrid",https://www.vivienda2.com/,910312328,,propia,,,,https://www.vivienda2.com/donde-estamos/,NO CONTACTADO,Red/cadena de varias oficinas: prioridad baja. SIN VERIFICAR: dato del resumen de WebSearch (web original no abierta; WebFetch bloqueado).
MAD-076,Look & Find Chamartín,Chamartín,"C/ Oruro 4, local 2, 28016 Madrid",https://lookandfind.es/,914575795,,,,,,https://lookandfind.es/chamartin/contacto.html,NO CONTACTADO,FRANQUICIA/RED con central de leads propia: EXCLUIR de prospección. SIN VERIFICAR: dato del resumen de WebSearch (web original no abierta; WebFetch bloqueado).
MAD-077,Housfy Inmobiliaria Madrid Chamartín,Chamartín,"C/ López de Hoyos 117, 28002 Madrid",https://housfy.com/,911438504,,,,,,https://housfy.com/inmobiliarias/s/madrid-chamartin-calle-lopez-de-hoyos-117,NO CONTACTADO,Proptech con central propia. FRANQUICIA/RED con central de leads propia: EXCLUIR de prospección. SIN VERIFICAR: dato del resumen de WebSearch (web original no abierta; WebFetch bloqueado).
MAD-078,Redpiso Chamartín Nueva España,Chamartín,"C/ Costa Rica 18, 28016 Madrid",https://www.redpiso.es/,910327604,chamartin@redpiso.es,,,,,https://www.redpiso.es/oficina/inmobiliaria-chamartin-nueva-espana/venta,NO CONTACTADO,FRANQUICIA/RED con central de leads propia: EXCLUIR de prospección. SIN VERIFICAR: dato del resumen de WebSearch (web original no abierta; WebFetch bloqueado).
MAD-079,Redpiso Plaza Castilla-Chamartín,Chamartín,"P.º de la Castellana 201, 28046 Madrid",https://www.redpiso.es/,910325424,castellana@redpiso.es,,,,,https://www.redpiso.es/oficina/inmobiliaria-plaza-castilla-chamartin/venta,NO CONTACTADO,FRANQUICIA/RED con central de leads propia: EXCLUIR de prospección. SIN VERIFICAR: dato del resumen de WebSearch (web original no abierta; WebFetch bloqueado).
MAD-080,Tecnocasa Oficina Prosperidad 2019,Chamartín,"C/ López de Hoyos 182, Madrid",https://madrid142.tecnocasa.es/,,,,,,,https://madrid142.tecnocasa.es/madrid/chamartin-prosperidad/,NO CONTACTADO,FRANQUICIA/RED con central de leads propia: EXCLUIR de prospección. SIN VERIFICAR: dato del resumen de WebSearch (web original no abierta; WebFetch bloqueado).
MAD-081,Tecnocasa El Viso-Prosperidad,Chamartín,"C/ Cartagena 129, Madrid",https://www.tecnocasa.es/,911131169,,,,,,https://www.tecnocasa.es/agencia-inmobiliaria/madrid/el_viso_prosperidad/md108.html,NO CONTACTADO,FRANQUICIA/RED con central de leads propia: EXCLUIR de prospección. SIN VERIFICAR: dato del resumen de WebSearch (web original no abierta; WebFetch bloqueado).
MAD-082,Tecnocasa Consulting El Viso 2024,Chamartín,,https://madrid210.tecnocasa.es/,,,,,,,https://madrid210.tecnocasa.es/madrid/el-viso-prosperidad/,NO CONTACTADO,FRANQUICIA/RED con central de leads propia: EXCLUIR de prospección.
MAD-083,Tecnocasa Estudio Plaza Castilla,Chamartín,,https://madrid86.tecnocasa.es/,,,,,,,https://madrid86.tecnocasa.es/madrid/chamartin/,NO CONTACTADO,FRANQUICIA/RED con central de leads propia: EXCLUIR de prospección.
MAD-084,Tecnocasa Estudio Prosperidad II,Chamartín,,https://madrid24.tecnocasa.es/,,,,,,,https://madrid24.tecnocasa.es/madrid/prosperidad/,NO CONTACTADO,FRANQUICIA/RED con central de leads propia: EXCLUIR de prospección.
MAD-085,John Taylor Chamartín,Chamartín,"C/ Alberto Alcocer 11, Madrid",https://www.john-taylor.es/,,,,,,,https://www.john-taylor.es/agencia-inmobiliaria-lujo/madrid-chamartin/,NO CONTACTADO,FRANQUICIA/RED con central de leads propia: EXCLUIR de prospección. SIN VERIFICAR: dato del resumen de WebSearch (web original no abierta; WebFetch bloqueado).
MAD-086,Gilmar El Viso-Chamartín,Chamartín,,https://www.gilmar.es/,,,,,,,https://www.gilmar.es/oficinas/agencia-inmobiliaria-el-viso-chamartin/,NO CONTACTADO,Red grande propia. FRANQUICIA/RED con central de leads propia: EXCLUIR de prospección.
MAD-087,JJInmobiliarios,Centro,"C/ Hernán Cortés 22, 28004 Madrid",https://www.jjinmobiliarios.com/,,,idealista; yaencontre; propia,"~6 en idealista (4 garajes venta + 2 viviendas alquiler, títulos)",,,https://www.jjinmobiliarios.com/ | https://www.idealista.com/pro/jjinmobiliarios/,NO CONTACTADO,Especializada en Chueca y Malasaña. Pocos anuncios en idealista. SIN VERIFICAR: dato del resumen de WebSearch (web original no abierta; WebFetch bloqueado).
MAD-088,Grupo Barrio Inmobiliaria,Centro,,https://grupobarrioinmo.com/,,,propia,,,,https://grupobarrioinmo.com/inmobiliaria-madrid-centro/,NO CONTACTADO,"+15 años; equipos en Chueca, La Latina, Lavapiés según snippet. SIN VERIFICAR: dato del resumen de WebSearch (web original no abierta; WebFetch bloqueado)."
MAD-089,Vivienda Capital,Centro,"C/ Manuela Malasaña 16, 28004 Madrid",https://viviendacapital.com/,+34914450530,,propia,,,,https://viviendacapital.com/contacto/,NO CONTACTADO,SIN VERIFICAR: dato del resumen de WebSearch (web original no abierta; WebFetch bloqueado).
MAD-090,Nova Te Asesora,Centro,"C/ Ballesta 30, local, 28004 Madrid",https://www.novateasesora.com/,+34910090808 / +34656804120,,propia,,,,https://www.novateasesora.com/,NO CONTACTADO,SIN VERIFICAR: dato del resumen de WebSearch (web original no abierta; WebFetch bloqueado).
MAD-091,Templo Consulting,Centro,"C/ Corredera Alta de San Pablo 3, local 4, 28004 Madrid",https://temploconsulting.com/,919385678,,propia,,,,https://temploconsulting.com/las-10-mejores-inmobiliarias-en-el-barrio-de-malasana/,NO CONTACTADO,Modelo tarifa fija 2.950 € + IVA. Otro snippet le atribuye Mesón de Paredes 15 (dirección de Tecnocasa Lavapiés): dato contradictorio. SIN VERIFICAR: dato del resumen de WebSearch (web original no abierta; WebFetch bloqueado).
MAD-092,VIVEI Real Estate La Latina,Centro,"C/ Toledo 101, 28005 Madrid",,910220799,,,,,,https://valorunido.com/tasaciones-de-inmuebles/madrid/vivei-real-estate-la-latina/,NO CONTACTADO,Misma dirección que 'La Casa Agency La Latina' según otro snippet: posible cambio de marca. SIN VERIFICAR: dato del resumen de WebSearch (web original no abierta; WebFetch bloqueado).
MAD-093,Almanova Inmobiliaria,Centro,"C/ Atocha 28, local 4, 28012 Madrid (y C/ Huertas 57)",https://almanova.es/,913694774,,propia,,,,https://almanova.es/inmobiliarias-lavapies/ | https://almanova.es/agencia/inmobiliaria-huertas/,NO CONTACTADO,Al menos 2 oficinas. SIN VERIFICAR: dato del resumen de WebSearch (web original no abierta; WebFetch bloqueado).
MAD-094,Consorcio Real Estate Ópera,Centro,"Plaza de Isabel II 5, bajo B, 28013 Madrid",,915937927,,idealista; hispacasas,31 venta (título ES) / 3 venta + 9 alquiler (títulos EN): contradictorio,,,https://www.idealista.com/pro/consorcio-real-estate-opera/venta-viviendas/madrid-madrid/ | https://www.buscainmobiliarias.com/inmobiliaria/consorcio-real-estate-opera,NO CONTACTADO,Segunda dirección: Pl. Marina Española 4. SIN VERIFICAR: dato del resumen de WebSearch (web original no abierta; WebFetch bloqueado).
MAD-095,Opera Housing Madrid,Centro,"C/ Vergara 1, 28013 Madrid",,629172492,,,,,,https://www.cylex.es/madrid/opera-housing-madrid-12925391.html,NO CONTACTADO,SIN VERIFICAR: dato del resumen de WebSearch (web original no abierta; WebFetch bloqueado).
MAD-096,Agencia Inmobiliaria Sol,Centro,"C/ Montera 24, 28013 Madrid",,,,,,,,https://inmob.es/agencia-inmobiliaria-sol-madrid-madrid/,NO CONTACTADO,Solo directorio. SIN VERIFICAR: dato del resumen de WebSearch (web original no abierta; WebFetch bloqueado).
MAD-097,Vivienda2 (Ópera),Centro,"Plaza de Isabel II 5, 28013 Madrid",https://www.vivienda2.com/,912524545,,propia,,,,https://www.vivienda2.com/donde-estamos/,NO CONTACTADO,Red/cadena de varias oficinas: prioridad baja. SIN VERIFICAR: dato del resumen de WebSearch (web original no abierta; WebFetch bloqueado).
MAD-098,La Casa Agency Lavapiés (Estudio Las Ciudades SL),Centro,"C/ Sombrerete 1 (entrada por Pl. Lavapiés), 28012 Madrid",https://www.lacasa.net/,+34912994136,,,,,,https://www.lacasa.net/inmobiliarias/24-estudio-las-ciudades-s-l | https://www.paginasamarillas.es/f/madrid/la-casa-agency-estudio-las-ciudades-s-l-inmobiliaria-lavapies_228985529_000000001.html,NO CONTACTADO,"Red La Casa Agency: franquicia, revisar central de leads. +18 años en Centro según snippet. SIN VERIFICAR: dato del resumen de WebSearch (web original no abierta; WebFetch bloqueado)."
MAD-099,LA CASA Inmobiliaria en Lavapiés,Centro,,https://lacasaenlavapies.com/,,,propia,,,,https://lacasaenlavapies.com/contacto/,NO CONTACTADO,Posible duplicado de La Casa Agency Lavapiés: confirmar. SIN VERIFICAR: dato del resumen de WebSearch (web original no abierta; WebFetch bloqueado).
MAD-100,Globalpiso Malasaña,Centro,"C/ Manuela Malasaña 4, 28004 Madrid",https://www.globalpiso.es/,915615021,,,,,,https://www.globalpiso.es/inmobiliaria/madrid-centro-malasana,NO CONTACTADO,FRANQUICIA/RED con central de leads propia: EXCLUIR de prospección. SIN VERIFICAR: dato del resumen de WebSearch (web original no abierta; WebFetch bloqueado).
MAD-101,Redpiso Malasaña-Universidad,Centro,"C/ del Pez 31, 28004 Madrid",https://www.redpiso.es/,918333715,,,,,,https://www.redpiso.es/oficina/inmobiliaria-malasana-universidad/venta,NO CONTACTADO,FRANQUICIA/RED con central de leads propia: EXCLUIR de prospección. SIN VERIFICAR: dato del resumen de WebSearch (web original no abierta; WebFetch bloqueado).
MAD-102,Redpiso Justicia-Chueca,Centro,"C/ Hortaleza 59, 28004 Madrid",https://www.redpiso.es/,910339316,justicia@redpiso.es,,,,,https://www.redpiso.es/oficina/inmobiliaria-justicia-chueca/venta,NO CONTACTADO,FRANQUICIA/RED con central de leads propia: EXCLUIR de prospección. SIN VERIFICAR: dato del resumen de WebSearch (web original no abierta; WebFetch bloqueado).
MAD-103,Redpiso Lavapiés-Embajadores,Centro,"C/ de la Colegiata 2, 28012 Madrid",https://www.redpiso.es/,911921007,,,,,,https://www.redpiso.es/oficina/inmobiliaria-lavapies-embajadores/venta,NO CONTACTADO,FRANQUICIA/RED con central de leads propia: EXCLUIR de prospección. SIN VERIFICAR: dato del resumen de WebSearch (web original no abierta; WebFetch bloqueado).
MAD-104,Tecnocasa Consulting Estudio Tribunal Centro,Centro,"C/ Corredera Baja de San Pablo 43, local, 28004 Madrid",https://madrid167.tecnocasa.es/,,,,,,,https://madrid167.tecnocasa.es/madrid/malasana/,NO CONTACTADO,FRANQUICIA/RED con central de leads propia: EXCLUIR de prospección. SIN VERIFICAR: dato del resumen de WebSearch (web original no abierta; WebFetch bloqueado).
MAD-105,Tecnocasa Estudio Real de Lavapiés,Centro,"C/ Mesón de Paredes 15, local dcha, 28012 Madrid",https://madrid166.tecnocasa.es/,910240519,,,,,,https://inmobiliarias.tecnocasa.es/agencia-inmobiliaria/madrid/centro-1/embajadores/estudio-real-de-lavapies-sl/,NO CONTACTADO,FRANQUICIA/RED con central de leads propia: EXCLUIR de prospección. SIN VERIFICAR: dato del resumen de WebSearch (web original no abierta; WebFetch bloqueado).
MAD-106,Tecnocasa Latina Asesores Inmobiliarios,Centro,"C/ San Millán 2 (esq. C/ Estudios), 28012 Madrid",https://madrid83.tecnocasa.es/,913426807,,,,,,https://madrid83.tecnocasa.es/madrid/latina/sobre-nosotros,NO CONTACTADO,FRANQUICIA/RED con central de leads propia: EXCLUIR de prospección. SIN VERIFICAR: dato del resumen de WebSearch (web original no abierta; WebFetch bloqueado).
MAD-107,Tecnocasa Consulting Estudio Puerta de Toledo,Centro,"C/ Toledo 121, local bajo, 28005 Madrid",https://www.tecnocasa.es/,910075117,,,,,,https://www.tecnocasa.es/agencia-inmobiliaria/madrid/puerta_de_toledo_latina_palacio_/md065.html,NO CONTACTADO,FRANQUICIA/RED con central de leads propia: EXCLUIR de prospección. SIN VERIFICAR: dato del resumen de WebSearch (web original no abierta; WebFetch bloqueado).
MAD-108,Tecnocasa Estudio Inmobiliario Huertas 57,Centro,"C/ Huertas 57, local 2, 28014 Madrid",https://madrid58.tecnocasa.es/,911569222,mdbca@tecnocasa.es,,,,,https://madrid58.tecnocasa.es/madrid/centro/sobre-nosotros,NO CONTACTADO,FRANQUICIA/RED con central de leads propia: EXCLUIR de prospección. SIN VERIFICAR: dato del resumen de WebSearch (web original no abierta; WebFetch bloqueado).
MAD-109,Tecnocasa Estudio Huertas-Cortes,Centro,"C/ Santa María 37, local, 28014 Madrid",https://madrid203.tecnocasa.es/,910269620,md617@tecnocasa.es,,,,,https://www.tecnocasa.es/agencia-inmobiliaria/madrid/huertas_cortes/md617.html,NO CONTACTADO,FRANQUICIA/RED con central de leads propia: EXCLUIR de prospección. SIN VERIFICAR: dato del resumen de WebSearch (web original no abierta; WebFetch bloqueado).
MAD-110,Tecnocasa Estudio Argumosa 2019,Centro,,https://madrid113.tecnocasa.es/,,,,,,,https://madrid113.tecnocasa.es/madrid/centro-embajadores/,NO CONTACTADO,FRANQUICIA/RED con central de leads propia: EXCLUIR de prospección.
MAD-111,Gilmar Madrid Centro (Sol-Plaza Mayor),Centro,,https://www.gilmar.es/,,,,,,,https://www.gilmar.es/oficinas/agencia-inmobiliaria-madrid-centro/,NO CONTACTADO,Red grande propia. FRANQUICIA/RED con central de leads propia: EXCLUIR de prospección.
